year,month,day,Sales
2014,1,3,16.448
2014,1,4,288.06
2014,1,5,19.536
2014,1,6,4407.1
2014,1,7,87.158
2014,1,9,40.544000000000004
2014,1,10,54.83
2014,1,11,9.94
2014,1,13,3553.795
2014,1,14,61.96
2014,1,15,149.95
2014,1,16,299.964
2014,1,18,64.864
2014,1,19,378.59400000000005
2014,1,20,2673.87
2014,1,21,25.248
2014,1,23,46.019999999999996
2014,1,26,1097.25
2014,1,27,426.67
2014,1,28,3.9280000000000004
2014,1,30,240.5
2014,1,31,290.666
2014,2,1,468.90000000000003
2014,2,2,211.64600000000002
2014,2,3,97.11200000000001
2014,2,4,134.384
2014,2,6,330.512
2014,2,7,180.32
2014,2,8,14.56
2014,2,11,2043.4000000000005
2014,2,12,129.568
2014,2,14,576.7259999999999
2014,2,15,21.36
2014,2,16,9.039999999999997
2014,2,17,54.208
2014,2,18,37.784
2014,2,20,95.59
2014,2,21,8.849999999999998
2014,2,22,19.44
2014,2,23,11.364
2014,2,24,55.672000000000004
2014,2,27,19.456000000000003
2014,3,1,2203.151
2014,3,2,202.38400000000001
2014,3,3,1345.892
2014,3,4,370.45200000000006
2014,3,5,705.5619999999999
2014,3,7,1561.0620000000001
2014,3,10,741.9560000000001
2014,3,11,918.3140000000001
2014,3,14,2108.5499999999997
2014,3,15,370.78200000000004
2014,3,16,471.92
2014,3,17,3960.358
2014,3,18,28106.715999999997
2014,3,19,590.7620000000002
2014,3,21,4109.816000000001
2014,3,22,464.09299999999996
2014,3,23,945.064
2014,3,24,65.38
2014,3,25,459.146
2014,3,26,145.13000000000002
2014,3,28,1823.8039999999999
2014,3,29,890.8409999999999
2014,3,30,1170.322
2014,3,31,1959.552
2014,4,1,119.88799999999999
2014,4,2,1458.5580000000002
2014,4,3,233.45
2014,4,4,475.84399999999994
2014,4,5,5295.097999999998
2014,4,6,1650.6899999999998
2014,4,7,1021.1700000000001
2014,4,8,1958.75
2014,4,11,1915.24
2014,4,12,1912.1230000000003
2014,4,13,638.5760000000001
2014,4,15,294.71999999999997
2014,4,16,39.072
2014,4,18,1020.5319999999999
2014,4,19,205.47
2014,4,20,1250.45
2014,4,21,845.3599999999999
2014,4,22,257.752
2014,4,23,643.9799999999999
2014,4,25,2379.9939999999997
2014,4,26,282.56800000000004
2014,4,28,2578.476
2014,4,29,768.844
2014,4,30,1048.74
2014,5,2,506.12000000000006
2014,5,3,72.632
2014,5,4,187.432
2014,5,5,260.977
2014,5,6,254.456
2014,5,7,1091.35
2014,5,8,1799.9699999999998
2014,5,9,394.47999999999996
2014,5,10,2343.7990000000004
2014,5,11,1642.8019999999997
2014,5,12,734.846
2014,5,13,898.3820000000001
2014,5,14,310.88000000000005
2014,5,16,289.28
2014,5,17,91.67999999999999
2014,5,18,948.9480000000001
2014,5,19,91.62
2014,5,20,320.104
2014,5,21,4264.328000000001
2014,5,22,180.93
2014,5,23,323.75800000000004
2014,5,24,116.28
2014,5,25,119.53999999999999
2014,5,26,1325.718
2014,5,27,2157.394
2014,5,28,221.96800000000002
2014,5,30,1924.9130000000002
2014,5,31,773.7
2014,6,1,5188.520000000001
2014,6,2,738.598
2014,6,3,741.336
2014,6,4,456.272
2014,6,6,1374.001
2014,6,7,281.397
2014,6,8,2501.264
2014,6,9,5463.008000000001
2014,6,10,491.55
2014,6,13,14.52
2014,6,14,212.94
2014,6,15,942.9739999999999
2014,6,16,763.792
2014,6,17,3418.5020000000004
2014,6,18,139.8
2014,6,20,1828.9496000000001
2014,6,21,4107.442999999999
2014,6,22,1975.498
2014,6,23,109.496
2014,6,24,4.272
2014,6,25,792.76
2014,6,27,616.14
2014,6,28,1645.791
2014,6,29,46.67999999999999
2014,6,30,739.624
2014,7,1,601.0239999999999
2014,7,2,79.56
2014,7,4,247.40800000000002
2014,7,5,1444.1039999999998
2014,7,6,1038.4720000000002
2014,7,7,241.194
2014,7,8,763.0740000000001
2014,7,9,265.52099999999996
2014,7,11,2187.206
2014,7,12,1960.0119999999997
2014,7,13,351.216
2014,7,14,292.594
2014,7,15,9.510000000000002
2014,7,18,273.04
2014,7,19,461.326
2014,7,20,2285.7859999999996
2014,7,21,1961.4820000000002
2014,7,22,1348.3440000000003
2014,7,23,2613.184
2014,7,25,8341.289999999999
2014,7,26,5039.994
2014,7,27,580.06
2014,7,28,193.152
2014,7,30,1367.84
2014,8,1,228.32800000000003
2014,8,2,886.28
2014,8,3,477.994
2014,8,4,2743.1540000000005
2014,8,5,2408.7239999999997
2014,8,6,262.89
2014,8,8,3955.6290000000004
2014,8,9,3605.685
2014,8,11,451.62
2014,8,12,1832.38
2014,8,15,842.7819999999999
2014,8,16,853.0919999999999
2014,8,17,500.342
2014,8,19,1439.1059999999998
2014,8,20,1838.722
2014,8,22,23.104
2014,8,23,565.224
2014,8,24,59.739999999999995
2014,8,25,1451.6500000000003
2014,8,26,366.81000000000006
2014,8,27,2070.13
2014,8,29,832.3225000000001
2014,8,30,121.24
2014,8,31,92.52
2014,9,1,469.43600000000004
2014,9,2,3254.15
2014,9,3,22.08
2014,9,5,296.304
2014,9,6,100.36
2014,9,7,3523.875
2014,9,8,14228.427999999994
2014,9,9,4043.5880000000006
2014,9,10,1855.228
2014,9,11,127.94999999999999
2014,9,12,4904.66
2014,9,13,1275.4080000000001
2014,9,14,5023.715999999999
2014,9,15,133.43599999999998
2014,9,16,33.552
2014,9,17,820.5229999999998
2014,9,19,9338.637
2014,9,20,5335.968
2014,9,21,2679.6519999999996
2014,9,22,1240.266
2014,9,23,10662.337000000001
2014,9,24,211.96
2014,9,25,354.8888
2014,9,26,1480.6140000000003
2014,9,27,773.4399999999999
2014,9,28,490.29200000000003
2014,9,29,8109.07
2014,9,30,987.5320000000002
2014,10,1,4.71
2014,10,2,598.144
2014,10,3,862.6830000000001
2014,10,4,728.748
2014,10,5,191.9
2014,10,6,494.71
2014,10,7,237.35999999999999
2014,10,8,147.392
2014,10,9,249.36
2014,10,10,2049.386
2014,10,11,1381.1640000000002
2014,10,12,58.53
2014,10,13,2212.182
2014,10,14,4525.4839999999995
2014,10,15,206.72399999999996
2014,10,16,194.322
2014,10,17,136.068
2014,10,18,3134.916
2014,10,19,641.104
2014,10,20,1501.104
2014,10,21,1356.602
2014,10,22,223.808
2014,10,24,56.49
2014,10,25,103.882
2014,10,26,447.88000000000005
2014,10,27,22.320000000000004
2014,10,28,1510.582
2014,10,29,2813.8120000000004
2014,10,31,5362.026
2014,11,1,4732.079999999998
2014,11,2,2126.37
2014,11,3,2784.163
2014,11,4,6693.747999999999
2014,11,5,1694.564
2014,11,6,43.68
2014,11,7,1449.1420000000003
2014,11,8,333.576
2014,11,9,1574.094
2014,11,10,2002.556
2014,11,11,8114.548
2014,11,12,1054.7612000000001
2014,11,14,1034.73
2014,11,15,1780.8220000000003
2014,11,16,1355.9285
2014,11,17,11544.274000000001
2014,11,18,3406.8550000000005
2014,11,19,7226.086
2014,11,20,907.5600000000001
2014,11,21,1249.6219999999998
2014,11,22,1103.298
2014,11,23,1363.2800000000002
2014,11,24,5578.606
2014,11,25,4415.694999999999
2014,11,26,1705.99
2014,11,27,203.65999999999997
2014,11,28,2280.83
2014,11,29,649.0439999999999
2014,11,30,219.154
2014,12,1,5624.3899999999985
2014,12,2,1771.8079999999998
2014,12,3,505.88
2014,12,4,129.98
2014,12,5,2963.642
2014,12,6,1970.978
2014,12,7,548.4
2014,12,8,1095.12
2014,12,9,1522.6519999999998
2014,12,10,573.336
2014,12,12,4938.4045
2014,12,13,293.152
2014,12,14,7641.658
2014,12,15,1264.466
2014,12,16,4394.187000000001
2014,12,17,45.534
2014,12,19,3436.76
2014,12,20,6962.44
2014,12,21,1933.44
2014,12,22,798.9680000000001
2014,12,23,942.1080000000002
2014,12,24,1950.202
2014,12,26,2041.4139999999998
2014,12,27,2966.3880000000004
2014,12,28,3732.2960000000003
2014,12,29,2072.096
2014,12,30,2172.6510000000003
2014,12,31,5253.27
2015,1,2,1932.096
2015,1,3,1768.2215999999999
2015,1,4,264.46000000000004
2015,1,5,295.27200000000005
2015,1,6,31.538000000000004
2015,1,9,364.07
2015,1,10,1018.1039999999999
2015,1,12,854.614
2015,1,13,622.278
2015,1,17,350.384
2015,1,19,301.742
2015,1,23,43.66
2015,1,24,13.120000000000001
2015,1,26,182.72
2015,1,27,3573.252
2015,1,28,4297.644
2015,1,30,2161.6400000000003
2015,1,31,99.26000000000002
2015,2,3,492.83599999999996
2015,2,6,2432.5440000000003
2015,2,7,324.10999999999996
2015,2,8,129.09199999999998
2015,2,9,785.552
2015,2,10,77.24000000000001
2015,2,14,1079.962
2015,2,15,1602.38
2015,2,16,160.43
2015,2,18,105.844
2015,2,20,316.78
2015,2,21,2591.1
2015,2,22,79.36
2015,2,23,37.776
2015,2,25,25.869999999999997
2015,2,27,1159.271
2015,2,28,551.264
2015,3,1,1642.1743999999999
2015,3,2,899.5699999999999
2015,3,5,1969.2669999999998
2015,3,6,1555.2440000000001
2015,3,7,807.5400000000001
2015,3,8,2563.296
2015,3,9,478.008
2015,3,10,90.932
2015,3,12,51.016000000000005
2015,3,13,1384.856
2015,3,14,707.9
2015,3,15,16.776000000000003
2015,3,16,7230.21
2015,3,17,48.84
2015,3,19,5652.9396
2015,3,20,1548.1940000000002
2015,3,21,1270.379
2015,3,22,2481.424
2015,3,23,633.3019999999999
2015,3,24,412.94999999999993
2015,3,26,4623.37
2015,3,27,83.69999999999999
2015,3,28,243.344
2015,3,29,1559.0800000000002
2015,3,30,571.2239999999999
2015,3,31,200.716
2015,4,2,299.22
2015,4,4,1484.598
2015,4,5,2974.0580000000004
2015,4,6,140.00400000000002
2015,4,7,907.4359999999998
2015,4,9,757.992
2015,4,10,169.54199999999997
2015,4,11,1328.3460000000002
2015,4,12,40.74
2015,4,13,3192.6780000000003
2015,4,14,35.208
2015,4,16,4161.972
2015,4,17,2745.1059999999998
2015,4,18,2006.9600000000003
2015,4,19,329.9599999999999
2015,4,20,1194.7259999999999
2015,4,21,893.09
2015,4,22,152.916
2015,4,24,25.99
2015,4,25,920.946
2015,4,26,2090.1055
2015,4,27,2719.59
2015,4,28,4044.362
2015,4,29,7.968000000000001
2015,4,30,1571.6950000000002
2015,5,1,450.94
2015,5,2,167.232
2015,5,3,2198.7599999999998
2015,5,4,1121.362
2015,5,7,305.62199999999996
2015,5,8,3981.9680000000003
2015,5,9,48.81
2015,5,10,154.442
2015,5,11,191.96800000000002
2015,5,12,1060.3500000000001
2015,5,13,238.38400000000001
2015,5,14,3141.1995000000006
2015,5,15,69.908
2015,5,16,255.968
2015,5,17,134.468
2015,5,18,10.86
2015,5,20,169.54399999999998
2015,5,21,72.332
2015,5,22,3862.0980000000004
2015,5,23,1304.956
2015,5,24,610.3069999999999
2015,5,25,1739.4179999999997
2015,5,26,982.5640000000001
2015,5,28,794.146
2015,5,29,1204.8419999999999
2015,5,30,681.1
2015,5,31,5178.138000000003
2015,6,1,834.198
2015,6,4,1192.31
2015,6,5,1533.1979999999999
2015,6,7,59.76800000000001
2015,6,8,1083.1119999999999
2015,6,9,797.1160000000001
2015,6,11,3373.5640000000003
2015,6,12,174.47600000000003
2015,6,13,1128.898
2015,6,14,51.072
2015,6,15,734.144
2015,6,16,3443.904
2015,6,18,1883.087
2015,6,19,446.346
2015,6,20,829.5440000000001
2015,6,21,107.97600000000001
2015,6,22,2018.953
2015,6,23,836.958
2015,6,25,857.08
2015,6,26,1592.1960000000001
2015,6,28,1386.466
2015,6,29,432.92600000000004
2015,7,2,1631.902
2015,7,3,823.9820000000001
2015,7,4,1138.288
2015,7,5,121.646
2015,7,6,1379.812
2015,7,8,21.12
2015,7,9,1587.1140000000003
2015,7,10,43.286
2015,7,11,1941.952
2015,7,12,2052.567
2015,7,13,2033.256
2015,7,14,860.916
2015,7,16,3029.3860000000004
2015,7,17,448.08200000000005
2015,7,18,672.418
2015,7,19,2.0250000000000004
2015,7,20,2693.1680000000006
2015,7,23,208.272
2015,7,24,525.95
2015,7,25,2395.0240000000003
2015,7,26,969.2250000000003
2015,7,27,29.97
2015,7,30,443.80199999999996
2015,7,31,3712.162
2015,8,1,1011.6960000000001
2015,8,2,1290.478
2015,8,5,72.65
2015,8,6,494.8692
2015,8,7,968.2059999999999
2015,8,8,840.102
2015,8,9,4878.392000000001
2015,8,10,851.4739999999999
2015,8,11,196.112
2015,8,13,586.896
2015,8,15,497.59000000000003
2015,8,16,3378.932
2015,8,17,381.64
2015,8,21,2827.5200000000004
2015,8,22,66.632
2015,8,23,1202.2779999999998
2015,8,24,7194.775000000001
2015,8,25,178.526
2015,8,27,639.9740000000002
2015,8,28,6491.293
2015,8,29,246.5
2015,8,31,2601.797
2015,9,1,2367.564
2015,9,3,1874.8980000000001
2015,9,4,1071.2839999999999
2015,9,5,934.1030000000001
2015,9,6,1005.654
2015,9,7,2922.667
2015,9,8,89.64
2015,9,10,1415.7259999999999
2015,9,11,1962.13
2015,9,12,707.8240000000001
2015,9,13,3445.7720000000004
2015,9,14,3262.42
2015,9,15,2535.8500000000004
2015,9,16,31.12
2015,9,17,11525.006
2015,9,18,3924.3200000000006
2015,9,19,500.38
2015,9,20,1836.0520000000001
2015,9,21,6982.058000000001
2015,9,22,1783.5040000000001
2015,9,24,4220.593999999999
2015,9,25,3033.7569999999996
2015,9,26,3722.2729999999997
2015,9,27,2382.958
2015,9,28,1058.364
2015,10,1,1158.4140000000002
2015,10,2,1269.266
2015,10,3,275.218
2015,10,4,505.5799999999999
2015,10,5,851.092
2015,10,8,222.12
2015,10,9,2133.5350000000003
2015,10,10,2248.1940000000004
2015,10,11,1011.8955000000001
2015,10,12,2390.7580000000003
2015,10,13,371.65999999999997
2015,10,15,3219.554
2015,10,16,824.97
2015,10,17,77.88
2015,10,18,378.494
2015,10,19,2135.0899999999997
2015,10,20,720.086
2015,10,22,15.127999999999998
2015,10,23,2262.2960000000003
2015,10,24,831.145
2015,10,25,1425.412
2015,10,26,1395.333
2015,10,28,104.51
2015,10,29,244.24
2015,10,30,2122.044
2015,10,31,3211.0090000000005
2015,11,1,3106.106
2015,11,2,5528.551
2015,11,3,2800.846
2015,11,5,834.8739999999999
2015,11,6,11.481000000000002
2015,11,7,3073.073
2015,11,8,12196.997
2015,11,9,4620.2919999999995
2015,11,10,3536.9040000000005
2015,11,11,542.178
2015,11,12,1127.992
2015,11,13,3591.0771999999997
2015,11,14,2512.71
2015,11,15,702.1700000000001
2015,11,16,4072.3339999999994
2015,11,17,3885.986
2015,11,19,1040.784
2015,11,20,2861.1500000000005
2015,11,21,3613.5748000000003
2015,11,22,614.499
2015,11,23,3450.1879999999996
2015,11,24,1218.7640000000001
2015,11,25,13.120000000000001
2015,11,26,1484.0819999999999
2015,11,27,3109.7834999999995
2015,11,28,1864.4820000000002
2015,11,29,2760.1680000000006
2015,11,30,1798.3970000000004
2015,12,1,7130.594
2015,12,3,1972.6450000000002
2015,12,4,5185.8139999999985
2015,12,5,897.322
2015,12,6,6061.501999999999
2015,12,7,1338.2980000000002
2015,12,8,2672.728
2015,12,9,34.019999999999996
2015,12,10,3080.380000000001
2015,12,11,1590.8940000000002
2015,12,12,1448.854
2015,12,13,1023.3860000000002
2015,12,14,858.3040000000001
2015,12,15,5494.795999999999
2015,12,16,4.98
2015,12,17,1918.492
2015,12,18,935.2880000000001
2015,12,19,6120.656000000001
2015,12,20,1107.464
2015,12,21,3257.7599999999998
2015,12,22,473.31299999999993
2015,12,23,194.32
2015,12,24,7484.566000000001
2015,12,25,4204.968000000001
2015,12,26,561.486
2015,12,27,5148.4472000000005
2015,12,28,79.20000000000002
2015,12,29,6.36
2015,12,30,3251.3400000000006
2015,12,31,1381.344
2016,1,2,405.91999999999996
2016,1,3,2095.8300000000004
2016,1,4,1069.22
2016,1,5,255.904
2016,1,7,83.57600000000001
2016,1,8,1859.158
2016,1,9,743.046
2016,1,10,174.75
2016,1,11,149.44400000000002
2016,1,14,405.34400000000005
2016,1,15,701.923
2016,1,16,102.218
2016,1,17,1040.55
2016,1,21,1167.056
2016,1,22,917.63
2016,1,23,1732.3
2016,1,24,31.36
2016,1,25,858.712
2016,1,28,39.68
2016,1,30,3107.3160000000003
2016,1,31,1601.5539999999999
2016,2,1,161.97
2016,2,2,8996.784
2016,2,3,866.4
2016,2,4,197.868
2016,2,5,2994.476
2016,2,6,132.22400000000002
2016,2,7,762.142
2016,2,8,1369.476
2016,2,9,121.83
2016,2,11,69.93
2016,2,12,1366.0400000000002
2016,2,13,146.82
2016,2,14,837.921
2016,2,15,407.072
2016,2,16,1135.638
2016,2,19,392.65999999999997
2016,2,20,16.496000000000002
2016,2,21,1524.126
2016,2,22,983.17
2016,2,23,57.576
2016,2,25,46.72
2016,2,27,243.892
2016,2,28,36.480000000000004
2016,2,29,111.104
2016,3,1,6285.8060000000005
2016,3,3,7264.4220000000005
2016,3,4,315.44999999999993
2016,3,5,162.344
2016,3,6,811.303
2016,3,7,21.072
2016,3,8,2190.81
2016,3,9,635.6
2016,3,10,7879.734000000001
2016,3,11,896.0219999999999
2016,3,12,1694.6419999999998
2016,3,13,8866.882
2016,3,14,669.368
2016,3,15,2356.808
2016,3,17,2360.3340000000003
2016,3,18,1061.682
2016,3,19,138.68000000000004
2016,3,20,928.311
2016,3,21,645.706
2016,3,22,226.46800000000002
2016,3,24,745.7739999999999
2016,3,25,1346.97
2016,3,26,682.246
2016,3,27,92.69999999999999
2016,3,28,125.3
2016,3,29,2659.339
2016,3,30,11.34
2016,3,31,640.7620000000001
2016,4,1,2161.48
2016,4,2,1454.9
2016,4,3,441.198
2016,4,4,970.194
2016,4,5,1046.334
2016,4,6,1294.75
2016,4,7,1970.5740000000003
2016,4,8,2906.4039999999995
2016,4,9,1115.197
2016,4,10,950.594
2016,4,12,1542.5300000000002
2016,4,13,6.12
2016,4,14,1466.572
2016,4,15,2201.8559999999998
2016,4,16,9335.085999999998
2016,4,17,421.08500000000004
2016,4,18,2514.5380000000005
2016,4,19,1414.1320000000003
2016,4,21,271.616
2016,4,22,1765.4649999999997
2016,4,23,720.3679999999999
2016,4,24,1607.1
2016,4,25,108.42
2016,4,26,434.646
2016,4,28,486.67199999999997
2016,4,30,142.208
2016,5,1,517.866
2016,5,2,1098.136
2016,5,3,1099.0130000000001
2016,5,5,2701.28
2016,5,6,236.95999999999998
2016,5,7,4835.976
2016,5,8,1340.2440000000001
2016,5,9,1283.512
2016,5,10,763.02
2016,5,11,5.98
2016,5,12,918.878
2016,5,14,455.93000000000006
2016,5,15,648.9119999999999
2016,5,16,880.46
2016,5,17,346.922
2016,5,18,122.22
2016,5,19,1582.008
2016,5,20,2471.913
2016,5,21,2718.214
2016,5,22,1799.2
2016,5,23,10560.978
2016,5,24,277.75600000000003
2016,5,25,1311.9699999999998
2016,5,26,1975.3560000000002
2016,5,27,5305.0779999999995
2016,5,28,2137.324
2016,5,29,1063.1850000000002
2016,5,30,8090.578
2016,5,31,438.859
2016,6,2,157.844
2016,6,3,71.08800000000001
2016,6,4,2316.523
2016,6,5,659.82
2016,6,6,6026.312000000002
2016,6,7,51.562
2016,6,9,1688.472
2016,6,10,1412.3960000000002
2016,6,11,1623.416
2016,6,12,2962.563
2016,6,13,430.43799999999993
2016,6,14,3457.099
2016,6,15,173.48800000000003
2016,6,16,147.27499999999998
2016,6,17,3000.92
2016,6,18,541.938
2016,6,19,17.12
2016,6,20,1229.5480000000002
2016,6,21,577.108
2016,6,23,2475.0940000000005
2016,6,24,5310.952
2016,6,25,893.266
2016,6,26,1919.6000000000001
2016,6,27,778.7060000000001
2016,6,28,877.1560000000002
2016,6,29,191.88
2016,6,30,1352.9499999999998
2016,7,1,1724.376
2016,7,2,772.786
2016,7,3,847.7
2016,7,4,1651.301
2016,7,7,3882.231000000001
2016,7,8,2616.512
2016,7,9,573.286
2016,7,10,895.895
2016,7,12,95.76
2016,7,14,2149.9600000000005
2016,7,15,380.20000000000005
2016,7,16,910.1700000000002
2016,7,17,2184.88
2016,7,18,2891.8580000000006
2016,7,19,1536.454
2016,7,20,89.94999999999999
2016,7,21,991.0950000000001
2016,7,22,1368.0480000000002
2016,7,23,654.587
2016,7,24,326.964
2016,7,25,5920.487999999999
2016,7,28,2033.3740000000003
2016,7,29,819.154
2016,7,30,1770.7759999999998
2016,7,31,2174.1580000000004
2016,8,1,1124.648
2016,8,2,482.58400000000006
2016,8,3,248.82
2016,8,4,497.90999999999997
2016,8,5,197.04999999999998
2016,8,6,320.388
2016,8,7,179.97
2016,8,8,1115.204
2016,8,9,661.3539999999999
2016,8,11,151.82
2016,8,12,3951.9605
2016,8,13,731.524
2016,8,14,923.6879999999999
2016,8,15,1680.266
2016,8,16,204.54
2016,8,17,15.712000000000002
2016,8,18,496.114
2016,8,19,448.79200000000003
2016,8,20,14.78
2016,8,21,4798.292
2016,8,22,405.35
2016,8,23,4187.348
2016,8,26,4874.298
2016,8,27,767.911
2016,8,28,322.0248
2016,8,29,632.188
2016,8,30,1656.87
2016,8,31,23.968000000000004
2016,9,1,5766.151999999999
2016,9,2,6792.192999999999
2016,9,3,2365.596000000001
2016,9,4,4532.042
2016,9,5,5226.348
2016,9,6,1313.536
2016,9,8,4493.9836
2016,9,9,84.99200000000002
2016,9,10,2094.3240000000005
2016,9,11,6501.586000000001
2016,9,12,2043.7920000000001
2016,9,13,2374.7299999999996
2016,9,14,1137.3380000000002
2016,9,15,2101.1820000000002
2016,9,16,425.88599999999997
2016,9,17,2043.126
2016,9,18,4751.082
2016,9,19,3839.312
2016,9,20,1232.004
2016,9,22,615.57
2016,9,23,1322.145
2016,9,24,2286.05
2016,9,25,3443.0910000000003
2016,9,26,2698.1665000000003
2016,9,27,1992.9858000000002
2016,9,28,99.13600000000001
2016,9,29,1307.7920000000001
2016,9,30,525.884
2016,10,1,781.4140000000002
2016,10,2,18452.971999999994
2016,10,3,1680.6960000000001
2016,10,4,5912.782000000001
2016,10,6,830.4000000000001
2016,10,7,973.7119999999999
2016,10,8,561.5360000000001
2016,10,9,546.9200000000001
2016,10,10,282.753
2016,10,11,33.064
2016,10,13,1650.6180000000006
2016,10,14,3335.888
2016,10,15,1620.1499999999999
2016,10,16,142.182
2016,10,17,2953.3460000000005
2016,10,18,307.92
2016,10,20,946.174
2016,10,21,7951.592000000002
2016,10,22,188.28
2016,10,23,467.42199999999997
2016,10,24,1365.498
2016,10,25,783.9600000000002
2016,10,27,978.79
2016,10,28,2899.021
2016,10,29,131.154
2016,10,30,159.002
2016,10,31,3750.4990000000007
2016,11,1,453.374
2016,11,3,3802.7960000000003
2016,11,4,3888.818000000001
2016,11,5,4266.898799999999
2016,11,6,773.2560000000001
2016,11,7,3810.464
2016,11,8,993.8999999999999
2016,11,9,479.97
2016,11,10,4723.478
2016,11,11,4944.296
2016,11,12,4914.938
2016,11,13,2945.1380000000004
2016,11,14,2774.062
2016,11,15,2145.718
2016,11,16,36.72
2016,11,17,142.684
2016,11,18,3958.932
2016,11,19,638.4620000000001
2016,11,20,3070.333
2016,11,21,1176.891
2016,11,22,317.044
2016,11,23,100.61600000000001
2016,11,24,6394.538000000002
2016,11,25,7978.551
2016,11,26,8329.743
2016,11,27,1651.2390000000003
2016,11,28,3428.3720000000003
2016,11,29,300.59200000000004
2016,11,30,970.142
2016,12,1,7365.454999999999
2016,12,2,4684.616
2016,12,3,5269.816000000001
2016,12,4,944.2860000000001
2016,12,5,5267.003999999999
2016,12,6,3878.2760000000003
2016,12,8,4709.095000000001
2016,12,9,1855.483
2016,12,10,3459.7100000000005
2016,12,11,6102.250000000001
2016,12,12,1981.1149999999996
2016,12,13,1194.088
2016,12,14,828.654
2016,12,15,2637.087
2016,12,16,628.5419999999999
2016,12,17,12185.134
2016,12,18,7051.35
2016,12,19,815.1120000000001
2016,12,20,134.54000000000002
2016,12,22,1043.128
2016,12,23,6965.857
2016,12,24,1938.2600000000002
2016,12,25,10488.055
2016,12,26,1829.418
2016,12,27,959.4899999999999
2016,12,29,1277.6799999999998
2016,12,30,773.774
2016,12,31,731.768
2017,1,1,1481.8280000000002
2017,1,2,2079.554
2017,1,3,2070.272
2017,1,6,33.74
2017,1,7,3395.59
2017,1,8,892.98
2017,1,9,274.49100000000004
2017,1,12,848.5199999999998
2017,1,13,4619.329999999999
2017,1,14,1056.038
2017,1,15,2140.2799999999997
2017,1,16,6230.2919999999995
2017,1,19,2013.7149999999997
2017,1,20,767.8380000000001
2017,1,21,2546.643
2017,1,22,4212.371999999999
2017,1,23,450.33400000000006
2017,1,24,418.66600000000005
2017,1,26,3055.28
2017,1,27,331.914
2017,1,28,1007.52
2017,1,29,294.84200000000004
2017,1,30,3749.335
2017,2,2,913.354
2017,2,3,922.327
2017,2,4,32.67
2017,2,5,2263.0119999999997
2017,2,6,904.3539999999999
2017,2,9,773.764
2017,2,10,227.10299999999998
2017,2,11,1241.516
2017,2,13,1058.43
2017,2,16,1337.442
2017,2,17,2964.8173999999995
2017,2,18,287.32599999999996
2017,2,19,1314.59
2017,2,20,1150.29
2017,2,21,47.904
2017,2,23,117.79999999999998
2017,2,24,1448.676
2017,2,25,430.492
2017,2,26,2847.6459999999997
2017,2,28,17.62
2017,3,2,1450.126
2017,3,3,2000.104
2017,3,4,228.82200000000003
2017,3,5,1240.02
2017,3,6,778.2360000000001
2017,3,7,166.59
2017,3,8,843.1000000000001
2017,3,9,710.8040000000001
2017,3,10,1252.952
2017,3,11,1973.708
2017,3,12,353.28000000000003
2017,3,13,4791.35
2017,3,14,49.61600000000001
2017,3,16,2014.381
2017,3,17,542.746
2017,3,18,1027.7579999999998
2017,3,19,2166.248
2017,3,20,899.568
2017,3,21,3332.6360000000004
2017,3,23,14816.068
2017,3,24,1257.2980000000002
2017,3,25,3567.026
2017,3,26,3252.88
2017,3,27,2933.5160000000005
2017,3,28,1504.702
2017,3,29,81.4
2017,3,30,656.407
2017,3,31,4981.010799999999
2017,4,1,5972.987999999999
2017,4,2,822.9700000000001
2017,4,3,32.528
2017,4,4,808.47
2017,4,6,114.41999999999999
2017,4,7,1971.2905000000003
2017,4,8,6401.93
2017,4,9,1626.71
2017,4,10,755.529
2017,4,11,319.80600000000004
2017,4,12,69.66
2017,4,13,1345.824
2017,4,14,652.9300000000001
2017,4,15,332.33799999999997
2017,4,16,944.429
2017,4,17,3431.4590000000003
2017,4,20,2033.2400000000002
2017,4,21,1254.564
2017,4,22,947.6920000000001
2017,4,23,1199.222
2017,4,24,928.558
2017,4,25,678.1129999999998
2017,4,26,61.608000000000004
2017,4,27,576.5756
2017,4,28,795.296
2017,4,29,1053.26
2017,4,30,1390.1259999999997
2017,5,1,4108.37
2017,5,2,399.10999999999996
2017,5,3,1386.346
2017,5,4,1389.4050000000004
2017,5,5,185.12300000000002
2017,5,6,3183.3698
2017,5,7,2549.468
2017,5,8,3658.5540000000005
2017,5,9,1078.222
2017,5,11,449.46900000000005
2017,5,12,970.384
2017,5,13,3066.378
2017,5,14,4182.061999999999
2017,5,15,421.264
2017,5,16,221.024
2017,5,18,1830.508
2017,5,19,4919.182
2017,5,20,2997.5780000000004
2017,5,21,538.0200000000001
2017,5,22,336.56199999999995
2017,5,23,241.436
2017,5,25,886.026
2017,5,26,270.23999999999995
2017,5,27,2084.908
2017,5,28,1480.1030000000003
2017,5,29,691.1080000000001
2017,5,30,736.8904
2017,6,1,5058.362
2017,6,2,135.706
2017,6,3,2952.036
2017,6,4,279.414
2017,6,5,491.1120000000001
2017,6,6,31.35
2017,6,8,2227.038
2017,6,9,939.1330000000002
2017,6,10,2513.343
2017,6,11,1580.894
2017,6,12,1679.968
2017,6,13,1156.018
2017,6,15,4057.51
2017,6,16,2724.1940000000004
2017,6,17,3896.672
2017,6,18,1031.1554999999998
2017,6,19,2115.941
2017,6,20,1028.2279999999998
2017,6,21,595.656
2017,6,22,579.019
2017,6,24,1287.6140000000003
2017,6,25,1508.352
2017,6,26,4224.136
2017,6,27,1644.906
2017,6,29,4521.9911999999995
2017,6,30,4721.977
2017,7,1,639.83
2017,7,2,169.192
2017,7,3,6963.404000000001
2017,7,5,476.354
2017,7,6,380.37800000000004
2017,7,7,1620.25
2017,7,8,1980.2640000000001
2017,7,9,1671.214
2017,7,10,359.214
2017,7,11,1728.8919999999998
2017,7,12,3.816
2017,7,13,504.542
2017,7,14,3598.934
2017,7,15,2132.2290000000003
2017,7,16,316.636
2017,7,17,2191.8729999999996
2017,7,18,2106.7940000000003
2017,7,20,2283.208
2017,7,21,3685.9440000000004
2017,7,22,556.314
2017,7,23,898.1880000000001
2017,7,24,2399.96
2017,7,25,798.7420000000001
2017,7,26,2012.3020000000001
2017,7,27,1142.68
2017,7,28,1170.564
2017,7,29,1391.294
2017,7,30,523.376
2017,7,31,1558.028
2017,8,1,2085.65
2017,8,3,531.348
2017,8,4,20.07
2017,8,5,503.67600000000004
2017,8,6,1424.0259999999998
2017,8,7,3479.624
2017,8,10,1823.0700000000004
2017,8,11,708.726
2017,8,12,3693.0839999999994
2017,8,13,2643.1640000000007
2017,8,14,440.73599999999993
2017,8,15,1949.872
2017,8,16,80.56400000000001
2017,8,17,9517.288
2017,8,18,7078.484000000001
2017,8,19,512.446
2017,8,20,692.95
2017,8,21,8551.054000000002
2017,8,22,524.54
2017,8,23,4590.344000000001
2017,8,24,685.0560000000002
2017,8,25,361.98800000000006
2017,8,26,190.66
2017,8,27,6190.538
2017,8,28,1443.6319999999998
2017,8,29,235.46800000000002
2017,8,31,3162.8300000000004
2017,9,1,1261.8100000000002
2017,9,2,9354.854
2017,9,3,1595.849
2017,9,4,5360.202
2017,9,5,327.044
2017,9,7,3848.565000000001
2017,9,8,2184.327
2017,9,9,4356.061
2017,9,10,2506.6460000000006
2017,9,11,5564.005999999999
2017,9,12,491.55
2017,9,13,15.920000000000002
2017,9,14,4367.347
2017,9,15,7285.025999999998
2017,9,16,849.6500000000001
2017,9,17,4979.226
2017,9,18,1511.9299999999998
2017,9,19,1648.1880000000003
2017,9,20,7359.918000000001
2017,9,21,338.172
2017,9,22,7871.213000000002
2017,9,23,2395.7860000000005
2017,9,24,6450.4619999999995
2017,9,25,1412.213
2017,9,26,1486.576
2017,9,28,559.2710000000001
2017,9,29,1944.08
2017,9,30,540.7599999999999
2017,10,1,2978.466
2017,10,2,5418.022000000001
2017,10,3,2504.4799999999996
2017,10,4,19.98
2017,10,5,6684.615999999999
2017,10,6,1499.652
2017,10,7,2749.21
2017,10,8,608.356
2017,10,9,1496.5890000000002
2017,10,10,239.358
2017,10,12,5635.354000000001
2017,10,13,8405.802
2017,10,14,134.332
2017,10,15,1017.9399999999999
2017,10,16,3473.597
2017,10,17,126.352
2017,10,19,2781.8702
2017,10,20,1333.8580000000002
2017,10,21,4537.201000000001
2017,10,22,15158.877000000002
2017,10,23,3352.3940000000002
2017,10,24,529.085
2017,10,26,999.8679999999999
2017,10,27,1086.3200000000002
2017,10,28,408.726
2017,10,29,46.96
2017,10,30,4025.73
2017,10,31,523.9280000000001
2017,11,1,2921.4299999999994
2017,11,2,6294.386
2017,11,3,4536.937000000001
2017,11,4,10668.095999999998
2017,11,5,2355.0640000000003
2017,11,6,4288.750000000001
2017,11,7,2413.3779999999997
2017,11,8,384.1
2017,11,9,4751.491999999999
2017,11,10,4007.5480000000002
2017,11,11,1815.218
2017,11,12,2911.3859999999995
2017,11,13,6633.420200000001
2017,11,14,834.6579999999999
2017,11,15,559.2
2017,11,16,4755.2339999999995
2017,11,17,13694.882799999996
2017,11,18,1469.756
2017,11,19,7397.272000000001
2017,11,20,2988.274
2017,11,21,2236.184
2017,11,22,35.712
2017,11,23,1153.1090000000002
2017,11,24,4959.641
2017,11,25,3666.157
2017,11,26,5048.1720000000005
2017,11,27,1618.254
2017,11,28,6912.944
2017,11,29,491.88800000000003
2017,11,30,6645.281999999999
2017,12,1,5331.178
2017,12,2,9951.182
2017,12,3,1403.8419999999999
2017,12,4,2639.6379999999995
2017,12,5,1453.136
2017,12,6,10.68
2017,12,7,2916.5139999999997
2017,12,8,7643.041
2017,12,9,5470.390000000001
2017,12,10,3873.5589999999997
2017,12,11,2823.9650000000006
2017,12,13,580.936
2017,12,14,3897.714
2017,12,15,306.88800000000003
2017,12,16,858.7020000000001
2017,12,17,2027.7579999999998
2017,12,18,3645.9110000000005
2017,12,19,1895.926
2017,12,20,377.736
2017,12,21,2140.94
2017,12,22,7442.020999999998
2017,12,23,1926.776
2017,12,24,6233.054
2017,12,25,2698.927
2017,12,26,814.5939999999999
2017,12,27,177.636
2017,12,28,1657.3508000000006
2017,12,29,2915.534
2017,12,30,713.79
